resn,wt,mut,ddG,infectious
125,L,A,-0.15,unknown
125,L,R,2.17,unknown
125,L,N,1.35,unknown
125,L,D,0.70,unknown
125,L,E,-1.01,unknown
125,L,Q,0.77,unknown
125,L,G,2.16,unknown
125,L,H,0.26,unknown
125,L,I,-3.22,unknown
125,L,K,3.47,unknown
125,L,M,-1.59,unknown
125,L,F,0.51,unknown
125,L,P,5.11,unknown
125,L,S,1.15,unknown
125,L,T,-0.98,unknown
125,L,W,8.84,unknown
125,L,Y,2.19,unknown
125,L,V,-1.50,unknown
126,G,A,-0.01,unknown
126,G,R,2.27,unknown
126,G,N,-0.81,unknown
126,G,D,-0.20,unknown
126,G,E,-1.35,unknown
126,G,Q,-0.69,unknown
126,G,H,-1.67,unknown
126,G,I,-3.09,unknown
126,G,L,-1.66,unknown
126,G,K,4.07,unknown
126,G,M,-4.42,unknown
126,G,F,-1.80,unknown
126,G,P,0.43,unknown
126,G,S,0.75,unknown
126,G,T,0.82,unknown
126,G,W,1.29,unknown
126,G,Y,-3.63,unknown
126,G,V,-2.04,unknown
127,G,A,-1.98,unknown
127,G,R,-3.26,unknown
127,G,N,-2.81,unknown
127,G,D,-3.51,unknown
127,G,E,-2.36,unknown
127,G,Q,-0.86,unknown
127,G,H,-3.07,unknown
127,G,I,1.53,unknown
127,G,L,-5.03,unknown
127,G,K,0.01,unknown
127,G,M,-4.42,unknown
127,G,F,-2.94,unknown
127,G,P,5.01,unknown
127,G,S,-2.21,unknown
127,G,T,-2.67,unknown
127,G,W,5.87,unknown
127,G,Y,-3.88,unknown
127,G,V,-0.61,infectious
128,Y,A,1.85,unknown
128,Y,R,0.35,unknown
128,Y,N,0.27,unknown
128,Y,D,0.99,unknown
128,Y,E,-0.38,unknown
128,Y,Q,0.87,unknown
128,Y,G,4.60,unknown
128,Y,H,2.18,unknown
128,Y,I,1.61,unknown
128,Y,L,0.88,unknown
128,Y,K,2.91,unknown
128,Y,M,-1.58,unknown
128,Y,F,1.90,unknown
128,Y,P,6.61,unknown
128,Y,S,2.54,unknown
128,Y,T,0.63,unknown
128,Y,W,7.80,unknown
128,Y,V,-0.89,unknown
129,M,A,4.42,unknown
129,M,R,4.52,unknown
129,M,N,2.41,unknown
129,M,D,1.57,unknown
129,M,E,3.98,unknown
129,M,Q,4.90,unknown
129,M,G,5.04,unknown
129,M,H,3.10,unknown
129,M,I,3.39,unknown
129,M,L,1.37,unknown
129,M,K,4.51,unknown
129,M,F,5.83,unknown
129,M,P,7.93,unknown
129,M,S,4.33,unknown
129,M,T,5.63,unknown
129,M,W,6.22,unknown
129,M,Y,6.33,unknown
129,M,V,5.75,infectious
130,L,A,1.37,unknown
130,L,R,1.18,unknown
130,L,N,2.14,unknown
130,L,D,1.78,unknown
130,L,E,1.07,unknown
130,L,Q,2.42,unknown
130,L,G,3.76,unknown
130,L,H,2.62,unknown
130,L,I,-0.61,unknown
130,L,K,4.43,unknown
130,L,M,0.01,unknown
130,L,F,0.73,unknown
130,L,P,6.06,unknown
130,L,S,3.67,unknown
130,L,T,1.64,unknown
130,L,W,7.19,unknown
130,L,Y,-0.42,unknown
130,L,V,-1.91,unknown
131,G,A,-1.69,unknown
131,G,R,-0.78,unknown
131,G,N,-1.53,unknown
131,G,D,0.69,unknown
131,G,E,-1.47,unknown
131,G,Q,-0.88,unknown
131,G,H,-1.18,unknown
131,G,I,-2.74,unknown
131,G,L,-0.36,unknown
131,G,K,1.09,unknown
131,G,M,-4.42,unknown
131,G,F,1.12,unknown
131,G,P,4.42,unknown
131,G,S,-1.13,unknown
131,G,T,-1.43,unknown
131,G,W,4.08,unknown
131,G,Y,2.79,unknown
131,G,V,-2.18,infectious
132,S,A,-0.88,unknown
132,S,R,1.66,unknown
132,S,N,-0.13,unknown
132,S,D,-0.97,unknown
132,S,E,-0.22,unknown
132,S,Q,1.05,unknown
132,S,G,1.28,unknown
132,S,H,-1.29,unknown
132,S,I,-1.05,infectious
132,S,L,1.08,unknown
132,S,K,2.09,unknown
132,S,M,-1.91,unknown
132,S,F,2.65,unknown
132,S,P,2.61,unknown
132,S,T,1.08,unknown
132,S,W,3.37,unknown
132,S,Y,-0.28,unknown
132,S,V,-0.63,unknown
133,A,R,-0.71,unknown
133,A,N,2.08,unknown
133,A,D,4.49,unknown
133,A,E,1.75,unknown
133,A,Q,2.78,unknown
133,A,G,4.02,unknown
133,A,H,6.68,unknown
133,A,I,0.29,unknown
133,A,L,1.86,unknown
133,A,K,7.19,unknown
133,A,M,0.71,unknown
133,A,F,11.00,unknown
133,A,P,2.23,unknown
133,A,S,2.60,unknown
133,A,T,3.10,unknown
133,A,W,11.00,unknown
133,A,Y,11.00,unknown
133,A,V,0.06,infectious
134,M,A,5.69,unknown
134,M,R,5.93,unknown
134,M,N,8.49,unknown
134,M,D,11.00,unknown
134,M,E,7.53,unknown
134,M,Q,6.56,unknown
134,M,G,6.37,unknown
134,M,H,9.16,unknown
134,M,I,8.32,unknown
134,M,L,8.34,unknown
134,M,K,9.22,unknown
134,M,F,6.10,unknown
134,M,P,4.85,unknown
134,M,S,6.31,unknown
134,M,T,8.40,unknown
134,M,W,5.89,unknown
134,M,Y,6.68,unknown
134,M,V,7.85,unknown
135,S,A,3.14,unknown
135,S,R,0.80,unknown
135,S,N,0.68,unknown
135,S,D,1.70,unknown
135,S,E,1.70,unknown
135,S,Q,1.00,unknown
135,S,G,4.56,unknown
135,S,H,-0.99,unknown
135,S,I,-3.00,unknown
135,S,L,-1.50,unknown
135,S,K,3.00,unknown
135,S,M,-2.36,unknown
135,S,F,1.05,unknown
135,S,P,1.80,unknown
135,S,T,1.67,unknown
135,S,W,5.89,unknown
135,S,Y,-1.10,unknown
135,S,V,-1.96,unknown
136,R,A,1.86,unknown
136,R,N,1.86,unknown
136,R,D,3.66,unknown
136,R,E,3.64,unknown
136,R,Q,3.97,unknown
136,R,G,5.28,unknown
136,R,H,2.20,unknown
136,R,I,-0.99,unknown
136,R,L,4.17,unknown
136,R,K,4.35,unknown
136,R,M,-0.44,unknown
136,R,F,6.39,unknown
136,R,P,6.05,unknown
136,R,S,4.88,unknown
136,R,T,2.00,unknown
136,R,W,8.00,unknown
136,R,Y,3.60,unknown
136,R,V,1.13,unknown
137,P,A,-0.83,unknown
137,P,R,-0.19,unknown
137,P,N,-0.94,unknown
137,P,D,-1.17,unknown
137,P,E,-0.79,unknown
137,P,Q,0.09,unknown
137,P,G,2.00,unknown
137,P,H,-2.10,unknown
137,P,I,-0.94,unknown
137,P,L,-1.32,unknown
137,P,K,0.30,unknown
137,P,M,-2.36,unknown
137,P,F,2.26,unknown
137,P,S,0.34,unknown
137,P,T,0.12,unknown
137,P,W,5.87,unknown
137,P,Y,-0.19,unknown
137,P,V,-2.21,unknown
138,I,A,4.93,unknown
138,I,R,1.91,unknown
138,I,N,2.96,unknown
138,I,D,0.16,unknown
138,I,E,1.68,unknown
138,I,Q,2.28,unknown
138,I,G,4.36,unknown
138,I,H,2.27,unknown
138,I,L,1.97,unknown
138,I,K,5.71,unknown
138,I,M,-1.65,infectious
138,I,F,1.29,unknown
138,I,P,8.81,unknown
138,I,S,3.14,unknown
138,I,T,3.95,unknown
138,I,W,6.17,unknown
138,I,Y,-0.48,unknown
138,I,V,1.36,unknown
139,I,A,2.19,unknown
139,I,R,0.27,unknown
139,I,N,0.62,unknown
139,I,D,1.92,unknown
139,I,E,1.00,unknown
139,I,Q,2.14,unknown
139,I,G,4.30,unknown
139,I,H,4.20,unknown
139,I,L,0.79,unknown
139,I,K,3.23,unknown
139,I,M,0.33,unknown
139,I,F,4.64,unknown
139,I,P,4.97,unknown
139,I,S,3.00,unknown
139,I,T,3.68,unknown
139,I,W,9.03,unknown
139,I,Y,2.08,unknown
139,I,V,3.96,unknown
140,H,A,3.98,unknown
140,H,R,1.23,unknown
140,H,N,3.05,unknown
140,H,D,1.34,unknown
140,H,E,1.06,unknown
140,H,Q,3.15,unknown
140,H,G,4.96,unknown
140,H,I,4.10,unknown
140,H,L,3.03,unknown
140,H,K,4.84,unknown
140,H,M,0.31,unknown
140,H,F,5.78,unknown
140,H,P,5.64,unknown
140,H,S,3.82,unknown
140,H,T,3.69,unknown
140,H,W,9.42,unknown
140,H,Y,3.55,unknown
140,H,V,3.39,unknown
141,F,A,-0.79,unknown
141,F,R,-0.57,unknown
141,F,N,0.38,unknown
141,F,D,0.87,unknown
141,F,E,-0.92,unknown
141,F,Q,2.65,unknown
141,F,G,2.73,unknown
141,F,H,1.21,unknown
141,F,I,-0.29,unknown
141,F,L,-1.02,unknown
141,F,K,2.06,unknown
141,F,M,-1.07,unknown
141,F,F,1.47,unknown
141,F,P,8.83,unknown
141,F,S,-0.40,unknown
141,F,T,0.91,unknown
141,F,W,4.57,unknown
141,F,Y,-1.84,unknown
141,F,V,-1.35,unknown
142,G,A,-0.15,unknown
142,G,R,-0.02,unknown
142,G,N,-1.53,unknown
142,G,D,-0.76,unknown
142,G,E,-0.26,unknown
142,G,Q,-0.01,unknown
142,G,H,0.51,unknown
142,G,I,1.75,unknown
142,G,L,-2.30,unknown
142,G,K,-0.97,unknown
142,G,M,-4.70,unknown
142,G,F,-2.67,unknown
142,G,P,7.74,unknown
142,G,S,1.54,infectious
142,G,T,-1.03,unknown
142,G,W,3.17,unknown
142,G,Y,-3.63,unknown
142,G,V,1.01,unknown
143,S,A,-0.16,unknown
143,S,R,-0.42,unknown
143,S,N,0.07,unknown
143,S,D,-0.24,unknown
143,S,E,-0.71,unknown
143,S,Q,1.94,unknown
143,S,G,2.63,unknown
143,S,H,6.18,unknown
143,S,I,-3.47,unknown
143,S,L,0.40,unknown
143,S,K,1.19,unknown
143,S,M,-2.09,unknown
143,S,F,4.91,unknown
143,S,P,11.00,unknown
143,S,T,4.64,unknown
143,S,W,9.54,unknown
143,S,Y,3.72,unknown
143,S,V,-1.92,unknown
144,D,A,-2.64,unknown
144,D,R,-1.76,unknown
144,D,N,-1.93,unknown
144,D,E,-2.97,unknown
144,D,Q,-0.52,unknown
144,D,G,0.76,unknown
144,D,H,-0.43,unknown
144,D,I,-3.34,unknown
144,D,L,-1.34,unknown
144,D,K,-0.08,unknown
144,D,M,-2.98,unknown
144,D,F,0.83,unknown
144,D,P,11.00,unknown
144,D,S,-0.92,unknown
144,D,T,-1.41,unknown
144,D,W,4.53,unknown
144,D,Y,-1.01,unknown
144,D,V,-3.63,unknown
145,Y,A,2.30,unknown
145,Y,R,0.50,unknown
145,Y,N,2.81,unknown
145,Y,D,3.60,unknown
145,Y,E,2.95,unknown
145,Y,Q,3.36,unknown
145,Y,G,5.83,unknown
145,Y,H,2.17,unknown
145,Y,I,2.84,unknown
145,Y,L,0.33,unknown
145,Y,K,3.43,unknown
145,Y,M,0.45,unknown
145,Y,F,2.95,unknown
145,Y,P,11.00,unknown
145,Y,S,5.46,unknown
145,Y,T,4.80,unknown
145,Y,W,5.89,unknown
145,Y,V,4.32,unknown
146,E,A,-2.61,unknown
146,E,R,-5.23,unknown
146,E,N,-2.27,unknown
146,E,D,-0.95,unknown
146,E,Q,-1.72,unknown
146,E,G,0.94,unknown
146,E,H,-3.52,unknown
146,E,I,0.13,unknown
146,E,L,-5.39,unknown
146,E,K,-2.52,unknown
146,E,M,-10.04,unknown
146,E,F,-4.77,unknown
146,E,P,11.00,unknown
146,E,S,-2.24,unknown
146,E,T,-4.91,unknown
146,E,W,-2.53,unknown
146,E,Y,-3.37,unknown
146,E,V,-2.19,unknown
147,D,A,1.49,unknown
147,D,R,-1.76,unknown
147,D,N,1.79,unknown
147,D,E,1.34,unknown
147,D,Q,1.50,unknown
147,D,G,4.51,unknown
147,D,H,-0.23,unknown
147,D,I,4.66,unknown
147,D,L,-0.54,unknown
147,D,K,1.84,unknown
147,D,M,-1.56,unknown
147,D,F,1.03,unknown
147,D,P,11.00,unknown
147,D,S,1.27,unknown
147,D,T,1.94,unknown
147,D,W,5.15,unknown
147,D,Y,-1.70,unknown
147,D,V,1.80,unknown
148,R,A,3.96,unknown
148,R,N,2.12,unknown
148,R,D,1.19,unknown
148,R,E,1.83,unknown
148,R,Q,4.05,unknown
148,R,G,7.18,unknown
148,R,H,2.28,infectious
148,R,I,3.53,unknown
148,R,L,3.15,unknown
148,R,K,6.28,unknown
148,R,M,1.22,unknown
148,R,F,5.61,unknown
148,R,P,11.00,unknown
148,R,S,5.46,unknown
148,R,T,5.67,unknown
148,R,W,9.15,unknown
148,R,Y,2.25,unknown
148,R,V,5.50,unknown
149,Y,A,5.10,unknown
149,Y,R,4.22,unknown
149,Y,N,2.31,unknown
149,Y,D,6.62,unknown
149,Y,E,7.72,unknown
149,Y,Q,5.63,unknown
149,Y,G,9.02,unknown
149,Y,H,5.17,unknown
149,Y,I,11.00,unknown
149,Y,L,3.88,unknown
149,Y,K,7.01,unknown
149,Y,M,4.13,unknown
149,Y,F,6.42,unknown
149,Y,P,11.00,unknown
149,Y,S,7.34,unknown
149,Y,T,7.22,unknown
149,Y,W,11.00,unknown
149,Y,V,11.00,unknown
150,Y,A,1.25,unknown
150,Y,R,0.52,unknown
150,Y,N,3.09,unknown
150,Y,D,4.63,unknown
150,Y,E,1.55,unknown
150,Y,Q,2.93,unknown
150,Y,G,5.30,unknown
150,Y,H,2.21,unknown
150,Y,I,9.20,unknown
150,Y,L,11.00,unknown
150,Y,K,2.69,unknown
150,Y,M,-0.78,unknown
150,Y,F,3.67,unknown
150,Y,P,11.00,unknown
150,Y,S,2.79,unknown
150,Y,T,6.05,unknown
150,Y,W,4.60,unknown
150,Y,V,3.87,unknown
151,R,A,-2.68,unknown
151,R,N,-0.37,unknown
151,R,D,-0.06,unknown
151,R,E,-0.01,unknown
151,R,Q,1.49,unknown
151,R,G,1.30,unknown
151,R,H,0.42,unknown
151,R,I,-1.25,unknown
151,R,L,-0.33,unknown
151,R,K,1.14,unknown
151,R,M,-2.39,unknown
151,R,F,1.64,unknown
151,R,P,8.34,unknown
151,R,S,-0.50,unknown
151,R,T,0.10,unknown
151,R,W,6.50,unknown
151,R,Y,-1.38,unknown
151,R,V,-0.69,unknown
152,E,A,-1.52,unknown
152,E,R,-1.83,unknown
152,E,N,-1.50,unknown
152,E,D,-0.54,unknown
152,E,Q,-0.25,unknown
152,E,G,1.20,unknown
152,E,H,-1.33,unknown
152,E,I,-1.96,unknown
152,E,L,-2.57,unknown
152,E,K,1.07,unknown
152,E,M,-6.57,unknown
152,E,F,0.02,unknown
152,E,P,11.00,unknown
152,E,S,-1.01,unknown
152,E,T,-1.69,unknown
152,E,W,3.25,unknown
152,E,Y,-2.06,unknown
152,E,V,-3.06,unknown
153,N,A,1.80,unknown
153,N,R,2.22,unknown
153,N,D,7.09,unknown
153,N,E,6.92,unknown
153,N,Q,6.73,unknown
153,N,G,2.37,unknown
153,N,H,2.37,unknown
153,N,I,5.21,unknown
153,N,L,11.00,unknown
153,N,K,5.78,unknown
153,N,M,-0.58,unknown
153,N,F,-2.33,unknown
153,N,P,11.00,unknown
153,N,S,1.98,unknown
153,N,T,3.60,unknown
153,N,W,4.04,unknown
153,N,Y,-2.31,unknown
153,N,V,6.32,unknown
154,M,A,1.29,unknown
154,M,R,4.24,unknown
154,M,N,6.94,unknown
154,M,D,7.83,unknown
154,M,E,4.08,unknown
154,M,Q,6.18,unknown
154,M,G,4.39,unknown
154,M,H,7.80,unknown
154,M,I,6.20,unknown
154,M,L,7.42,unknown
154,M,K,5.33,unknown
154,M,F,8.40,unknown
154,M,P,4.85,unknown
154,M,S,4.42,unknown
154,M,T,5.27,unknown
154,M,W,11.00,unknown
154,M,Y,9.81,unknown
154,M,V,5.89,unknown
155,H,A,0.13,unknown
155,H,R,-0.99,unknown
155,H,N,0.35,unknown
155,H,D,4.87,unknown
155,H,E,1.53,unknown
155,H,Q,2.96,unknown
155,H,G,2.13,unknown
155,H,I,4.42,unknown
155,H,L,1.37,unknown
155,H,K,1.61,unknown
155,H,M,-2.62,unknown
155,H,F,2.04,unknown
155,H,P,6.75,unknown
155,H,S,2.05,unknown
155,H,T,2.79,unknown
155,H,W,8.33,unknown
155,H,Y,0.22,unknown
155,H,V,11.00,unknown
156,R,A,-0.02,unknown
156,R,N,-1.05,unknown
156,R,D,1.85,unknown
156,R,E,1.75,unknown
156,R,Q,1.40,unknown
156,R,G,4.16,unknown
156,R,H,-1.16,unknown
156,R,I,-2.24,unknown
156,R,L,-1.18,unknown
156,R,K,2.22,unknown
156,R,M,-0.56,unknown
156,R,F,-1.09,unknown
156,R,P,4.62,unknown
156,R,S,1.32,unknown
156,R,T,0.75,unknown
156,R,W,5.02,unknown
156,R,Y,-3.62,unknown
156,R,V,-1.73,unknown
157,Y,A,3.64,unknown
157,Y,R,11.00,unknown
157,Y,N,7.08,unknown
157,Y,D,11.00,unknown
157,Y,E,11.00,unknown
157,Y,Q,11.00,unknown
157,Y,G,8.73,unknown
157,Y,H,11.00,unknown
157,Y,I,7.57,unknown
157,Y,L,11.00,unknown
157,Y,K,11.00,unknown
157,Y,M,11.00,unknown
157,Y,F,11.00,unknown
157,Y,P,4.26,unknown
157,Y,S,7.12,unknown
157,Y,T,5.54,unknown
157,Y,W,11.00,unknown
157,Y,V,0.69,unknown
158,P,A,-3.02,unknown
158,P,R,-5.52,unknown
158,P,N,-3.89,unknown
158,P,D,-3.63,unknown
158,P,E,-1.08,unknown
158,P,Q,-0.43,unknown
158,P,G,0.12,unknown
158,P,H,-2.58,unknown
158,P,I,-3.86,unknown
158,P,L,-5.27,unknown
158,P,K,0.76,unknown
158,P,M,-5.65,unknown
158,P,F,-3.29,unknown
158,P,S,0.57,unknown
158,P,T,-1.00,unknown
158,P,W,0.12,unknown
158,P,Y,-4.07,unknown
158,P,V,-4.83,unknown
159,N,A,5.17,unknown
159,N,R,4.43,unknown
159,N,D,5.04,unknown
159,N,E,5.48,unknown
159,N,Q,4.47,unknown
159,N,G,7.03,unknown
159,N,H,1.93,unknown
159,N,I,3.08,unknown
159,N,L,1.70,unknown
159,N,K,4.22,unknown
159,N,M,0.38,unknown
159,N,F,3.56,unknown
159,N,P,4.73,unknown
159,N,S,6.07,unknown
159,N,T,4.50,unknown
159,N,W,7.49,unknown
159,N,Y,-2.31,unknown
159,N,V,4.25,unknown
160,Q,A,0.68,unknown
160,Q,R,-1.40,unknown
160,Q,N,0.19,unknown
160,Q,D,2.67,unknown
160,Q,E,2.65,unknown
160,Q,G,1.55,unknown
160,Q,H,-1.69,unknown
160,Q,I,-4.18,unknown
160,Q,L,-3.34,unknown
160,Q,K,0.16,unknown
160,Q,M,-2.63,unknown
160,Q,F,-0.83,unknown
160,Q,P,5.34,unknown
160,Q,S,1.71,unknown
160,Q,T,-1.02,unknown
160,Q,W,1.47,unknown
160,Q,Y,0.57,unknown
160,Q,V,-3.51,unknown
161,V,A,1.84,unknown
161,V,R,2.46,unknown
161,V,N,3.29,unknown
161,V,D,3.96,unknown
161,V,E,3.14,unknown
161,V,Q,0.97,unknown
161,V,G,3.29,unknown
161,V,H,1.96,unknown
161,V,I,1.14,unknown
161,V,L,1.51,unknown
161,V,K,4.71,unknown
161,V,M,-0.56,unknown
161,V,F,2.85,unknown
161,V,P,3.38,unknown
161,V,S,2.38,unknown
161,V,T,2.30,unknown
161,V,W,5.15,unknown
161,V,Y,-0.21,unknown
162,Y,A,4.10,unknown
162,Y,R,0.88,unknown
162,Y,N,-0.40,unknown
162,Y,D,2.37,unknown
162,Y,E,2.99,unknown
162,Y,Q,3.34,unknown
162,Y,G,3.36,unknown
162,Y,H,1.83,unknown
162,Y,I,0.88,unknown
162,Y,L,2.22,unknown
162,Y,K,2.89,unknown
162,Y,M,-0.78,unknown
162,Y,F,3.74,unknown
162,Y,P,7.48,unknown
162,Y,S,3.72,unknown
162,Y,T,2.71,unknown
162,Y,W,11.00,unknown
162,Y,V,3.42,unknown
163,Y,A,3.87,unknown
163,Y,R,3.47,unknown
163,Y,N,2.43,unknown
163,Y,D,3.30,unknown
163,Y,E,4.04,unknown
163,Y,Q,4.23,unknown
163,Y,G,7.96,unknown
163,Y,H,5.07,unknown
163,Y,I,2.16,unknown
163,Y,L,3.42,unknown
163,Y,K,5.52,unknown
163,Y,M,1.20,unknown
163,Y,F,7.05,unknown
163,Y,P,11.00,unknown
163,Y,S,4.28,unknown
163,Y,T,4.49,unknown
163,Y,W,8.54,unknown
163,Y,V,2.25,unknown
164,R,A,1.99,unknown
164,R,N,4.09,unknown
164,R,D,3.33,unknown
164,R,E,1.83,unknown
164,R,Q,2.64,unknown
164,R,G,4.10,unknown
164,R,H,3.24,unknown
164,R,I,3.81,unknown
164,R,L,1.66,unknown
164,R,K,3.72,unknown
164,R,M,-0.23,unknown
164,R,F,4.36,unknown
164,R,P,9.82,unknown
164,R,S,3.55,unknown
164,R,T,2.00,unknown
164,R,W,8.09,unknown
164,R,Y,1.84,unknown
164,R,V,1.51,unknown
165,P,A,-3.44,unknown
165,P,R,-3.93,unknown
165,P,N,-4.52,unknown
165,P,D,-2.38,unknown
165,P,E,-4.30,unknown
165,P,Q,-2.46,unknown
165,P,G,-1.60,unknown
165,P,H,-2.65,unknown
165,P,I,-3.80,unknown
165,P,L,-2.88,unknown
165,P,K,-1.86,unknown
165,P,M,-5.80,unknown
165,P,F,-0.70,unknown
165,P,S,-3.11,unknown
165,P,T,-1.85,unknown
165,P,W,3.91,unknown
165,P,Y,-4.07,unknown
165,P,V,-3.85,unknown
166,M,A,3.21,unknown
166,M,R,0.15,unknown
166,M,N,2.83,unknown
166,M,D,2.86,unknown
166,M,E,2.04,unknown
166,M,Q,2.76,unknown
166,M,G,5.86,unknown
166,M,H,3.79,unknown
166,M,I,0.95,unknown
166,M,L,1.45,unknown
166,M,K,4.01,unknown
166,M,F,5.72,unknown
166,M,P,11.00,unknown
166,M,S,4.33,unknown
166,M,T,3.66,unknown
166,M,W,6.99,unknown
166,M,Y,2.84,unknown
166,M,V,2.38,unknown
167,D,A,0.53,unknown
167,D,R,11.00,unknown
167,D,N,-0.99,infectious
167,D,E,-0.61,unknown
167,D,Q,11.00,unknown
167,D,G,2.20,unknown
167,D,H,0.76,unknown
167,D,I,-1.31,unknown
167,D,L,1.29,unknown
167,D,K,2.04,unknown
167,D,M,-2.96,unknown
167,D,F,11.00,unknown
167,D,P,2.21,unknown
167,D,S,1.28,unknown
167,D,T,6.65,unknown
167,D,W,11.00,unknown
167,D,Y,4.67,unknown
167,D,V,-1.17,unknown
168,E,A,-2.81,unknown
168,E,R,-2.06,unknown
168,E,N,-1.97,unknown
168,E,D,-1.27,unknown
168,E,Q,-0.43,unknown
168,E,G,-1.42,unknown
168,E,H,-3.56,unknown
168,E,I,-2.02,unknown
168,E,L,-3.04,unknown
168,E,K,-1.73,unknown
168,E,M,-3.77,unknown
168,E,F,-1.25,unknown
168,E,P,5.49,unknown
168,E,S,1.40,unknown
168,E,T,-2.19,unknown
168,E,W,0.99,unknown
168,E,Y,-2.75,unknown
168,E,V,-2.18,unknown
169,Y,A,0.61,unknown
169,Y,R,-1.62,unknown
169,Y,N,2.31,unknown
169,Y,D,4.23,unknown
169,Y,E,1.46,unknown
169,Y,Q,2.85,unknown
169,Y,G,2.79,unknown
169,Y,H,1.45,unknown
169,Y,I,2.67,unknown
169,Y,L,1.72,unknown
169,Y,K,2.85,unknown
169,Y,M,-0.82,unknown
169,Y,F,2.97,unknown
169,Y,P,6.97,unknown
169,Y,S,2.72,unknown
169,Y,T,1.19,unknown
169,Y,W,8.73,unknown
169,Y,V,2.44,unknown
170,S,A,-0.91,unknown
170,S,R,-2.72,unknown
170,S,N,-1.23,unknown
170,S,D,-1.40,unknown
170,S,E,-1.39,unknown
170,S,Q,-1.80,unknown
170,S,G,-0.03,unknown
170,S,H,2.63,unknown
170,S,I,0.37,unknown
170,S,L,-0.56,unknown
170,S,K,0.62,unknown
170,S,M,-5.26,unknown
170,S,F,2.00,unknown
170,S,P,9.82,unknown
170,S,T,0.54,unknown
170,S,W,4.88,unknown
170,S,Y,-2.60,unknown
170,S,V,0.33,unknown
171,N,A,4.90,unknown
171,N,R,4.21,unknown
171,N,D,7.54,unknown
171,N,E,6.55,unknown
171,N,Q,5.22,unknown
171,N,G,8.30,unknown
171,N,H,2.86,unknown
171,N,I,9.06,unknown
171,N,L,3.83,unknown
171,N,K,3.87,unknown
171,N,M,0.16,unknown
171,N,F,-0.48,unknown
171,N,P,1.70,unknown
171,N,S,7.19,infectious
171,N,T,8.81,unknown
171,N,W,4.43,unknown
171,N,Y,-2.21,unknown
171,N,V,9.55,unknown
172,Q,A,3.86,unknown
172,Q,R,-0.54,unknown
172,Q,N,3.63,unknown
172,Q,D,2.09,unknown
172,Q,E,2.97,unknown
172,Q,G,6.76,unknown
172,Q,H,7.08,unknown
172,Q,I,-1.06,unknown
172,Q,L,1.79,unknown
172,Q,K,1.68,unknown
172,Q,M,-2.33,unknown
172,Q,F,11.00,unknown
172,Q,P,11.00,unknown
172,Q,S,2.13,unknown
172,Q,T,-0.58,unknown
172,Q,W,11.00,unknown
172,Q,Y,11.00,unknown
172,Q,V,-2.25,unknown
173,N,A,-0.24,unknown
173,N,R,-3.68,unknown
173,N,D,2.27,unknown
173,N,E,-0.73,unknown
173,N,Q,-0.41,unknown
173,N,G,2.42,unknown
173,N,H,-0.35,unknown
173,N,I,3.93,unknown
173,N,L,-0.84,unknown
173,N,K,1.61,infectious
173,N,M,-3.45,unknown
173,N,F,3.15,unknown
173,N,P,11.00,unknown
173,N,S,-0.98,unknown
173,N,T,-0.79,unknown
173,N,W,7.39,unknown
173,N,Y,-1.38,unknown
173,N,V,0.05,unknown
174,N,A,3.59,unknown
174,N,R,0.71,unknown
174,N,D,0.99,unknown
174,N,E,0.77,unknown
174,N,Q,3.11,unknown
174,N,G,7.06,unknown
174,N,H,2.43,unknown
174,N,I,2.58,unknown
174,N,L,1.35,unknown
174,N,K,3.86,unknown
174,N,M,0.00,unknown
174,N,F,4.52,unknown
174,N,P,2.55,unknown
174,N,S,4.44,unknown
174,N,T,2.13,unknown
174,N,W,5.43,unknown
174,N,Y,2.07,unknown
174,N,V,1.03,unknown
175,F,A,-13.57,unknown
175,F,R,-0.45,unknown
175,F,N,-12.07,unknown
175,F,D,-13.19,unknown
175,F,E,-4.95,unknown
175,F,Q,-5.72,unknown
175,F,G,-10.83,unknown
175,F,H,-6.11,unknown
175,F,I,-9.93,unknown
175,F,L,-15.40,unknown
175,F,K,-7.63,unknown
175,F,M,-16.35,unknown
175,F,F,5.34,unknown
175,F,P,-0.82,unknown
175,F,S,-13.93,unknown
175,F,T,-10.01,unknown
175,F,W,11.00,unknown
175,F,Y,11.00,unknown
175,F,V,-10.78,unknown
176,V,A,-2.12,unknown
176,V,R,-2.11,unknown
176,V,N,4.64,unknown
176,V,D,5.37,unknown
176,V,E,2.33,unknown
176,V,Q,2.31,unknown
176,V,G,2.11,infectious
176,V,H,11.00,unknown
176,V,I,3.30,unknown
176,V,L,-2.74,unknown
176,V,K,0.58,unknown
176,V,M,-2.95,unknown
176,V,F,11.00,unknown
176,V,P,11.00,unknown
176,V,S,-2.23,unknown
176,V,T,-1.26,unknown
176,V,W,11.00,unknown
176,V,Y,11.00,unknown
177,H,A,2.19,unknown
177,H,R,1.40,unknown
177,H,N,0.35,unknown
177,H,D,1.86,unknown
177,H,E,1.66,unknown
177,H,Q,3.17,unknown
177,H,G,5.58,unknown
177,H,I,1.84,unknown
177,H,L,1.36,unknown
177,H,K,2.82,unknown
177,H,M,-2.06,unknown
177,H,F,4.70,unknown
177,H,P,11.00,unknown
177,H,S,1.26,unknown
177,H,T,1.94,unknown
177,H,W,7.35,unknown
177,H,Y,0.05,unknown
177,H,V,0.82,unknown
178,D,A,0.85,unknown
178,D,R,3.46,unknown
178,D,N,0.95,infectious
178,D,E,2.49,unknown
178,D,Q,2.77,unknown
178,D,G,5.27,unknown
178,D,H,-0.54,unknown
178,D,I,-2.76,unknown
178,D,L,-2.60,unknown
178,D,K,3.32,unknown
178,D,M,-2.14,unknown
178,D,F,0.85,unknown
178,D,P,2.05,unknown
178,D,S,2.98,unknown
178,D,T,0.03,unknown
178,D,W,4.13,unknown
178,D,Y,-0.82,unknown
178,D,V,-1.69,unknown
180,V,A,2.18,unknown
180,V,R,-0.91,unknown
180,V,N,0.45,unknown
180,V,D,3.02,unknown
180,V,E,1.55,unknown
180,V,Q,-0.97,unknown
180,V,G,3.22,unknown
180,V,H,6.26,unknown
180,V,I,-0.14,infectious
180,V,L,-5.83,unknown
180,V,K,1.76,unknown
180,V,M,-1.25,unknown
180,V,F,11.00,unknown
180,V,P,11.00,unknown
180,V,S,2.83,unknown
180,V,T,0.71,unknown
180,V,W,11.00,unknown
180,V,Y,11.00,unknown
181,N,A,-0.54,unknown
181,N,R,-0.57,unknown
181,N,D,1.23,unknown
181,N,E,1.42,unknown
181,N,Q,1.50,unknown
181,N,G,1.90,unknown
181,N,H,2.63,unknown
181,N,I,2.52,unknown
181,N,L,0.79,unknown
181,N,K,2.10,unknown
181,N,M,-1.14,unknown
181,N,F,2.87,unknown
181,N,P,11.00,unknown
181,N,S,3.48,unknown
181,N,T,3.83,unknown
181,N,W,8.37,unknown
181,N,Y,1.39,unknown
181,N,V,1.32,unknown
182,I,A,-0.02,unknown
182,I,R,1.69,unknown
182,I,N,1.45,unknown
182,I,D,2.33,unknown
182,I,E,1.78,unknown
182,I,Q,2.40,unknown
182,I,G,4.36,unknown
182,I,H,1.73,unknown
182,I,L,0.98,unknown
182,I,K,1.62,unknown
182,I,M,-1.65,unknown
182,I,F,3.62,unknown
182,I,P,11.00,unknown
182,I,S,1.92,unknown
182,I,T,2.02,unknown
182,I,W,11.00,unknown
182,I,Y,0.68,unknown
182,I,V,-1.13,unknown
183,T,A,-3.22,infectious
183,T,R,-4.07,unknown
183,T,N,-4.48,unknown
183,T,D,-1.68,unknown
183,T,E,-3.40,unknown
183,T,Q,-3.07,unknown
183,T,G,-1.94,unknown
183,T,H,-0.67,unknown
183,T,I,-2.95,unknown
183,T,L,-4.00,unknown
183,T,K,-1.89,unknown
183,T,M,-7.83,unknown
183,T,F,5.28,unknown
183,T,P,11.00,unknown
183,T,S,-3.69,unknown
183,T,W,11.00,unknown
183,T,Y,3.45,unknown
183,T,V,-3.19,unknown
184,I,A,2.41,unknown
184,I,R,2.07,unknown
184,I,N,4.71,unknown
184,I,D,5.70,unknown
184,I,E,2.91,unknown
184,I,Q,3.71,unknown
184,I,G,5.28,unknown
184,I,H,4.89,unknown
184,I,L,0.06,unknown
184,I,K,3.51,unknown
184,I,M,-0.74,unknown
184,I,F,2.18,unknown
184,I,P,11.00,unknown
184,I,S,4.34,unknown
184,I,T,2.09,unknown
184,I,W,8.30,unknown
184,I,Y,0.64,unknown
184,I,V,2.70,unknown
185,K,A,-1.69,unknown
185,K,R,-3.91,unknown
185,K,N,-0.88,unknown
185,K,D,0.35,unknown
185,K,E,-1.05,unknown
185,K,Q,-0.08,unknown
185,K,G,1.55,unknown
185,K,H,0.22,unknown
185,K,I,-3.61,unknown
185,K,L,-3.49,unknown
185,K,M,-4.57,unknown
185,K,F,-0.61,unknown
185,K,P,11.00,unknown
185,K,S,-1.91,unknown
185,K,T,-3.05,unknown
185,K,W,3.05,unknown
185,K,Y,-2.67,unknown
185,K,V,-3.73,unknown
186,Q,A,-1.51,unknown
186,Q,R,-0.87,unknown
186,Q,N,-3.70,unknown
186,Q,D,-0.35,unknown
186,Q,E,-1.89,unknown
186,Q,G,1.44,unknown
186,Q,H,1.70,unknown
186,Q,I,-1.16,unknown
186,Q,L,-3.15,unknown
186,Q,K,-0.10,unknown
186,Q,M,-5.98,unknown
186,Q,F,0.04,unknown
186,Q,P,5.73,unknown
186,Q,S,0.86,unknown
186,Q,T,-0.31,unknown
186,Q,W,6.43,unknown
186,Q,Y,-2.45,unknown
186,Q,V,-3.44,unknown
187,H,A,-4.14,unknown
187,H,R,9.50,infectious
187,H,N,0.02,unknown
187,H,D,3.99,unknown
187,H,E,-0.86,unknown
187,H,Q,0.14,unknown
187,H,G,-2.80,unknown
187,H,I,11.00,unknown
187,H,L,5.97,unknown
187,H,K,3.05,unknown
187,H,M,-4.20,unknown
187,H,F,2.25,unknown
187,H,P,11.00,unknown
187,H,S,-1.79,unknown
187,H,T,0.67,unknown
187,H,W,6.23,unknown
187,H,Y,-0.04,unknown
187,H,V,11.00,unknown
188,T,A,1.42,infectious
188,T,R,0.05,infectious
188,T,N,1.76,unknown
188,T,D,1.73,unknown
188,T,E,1.98,unknown
188,T,Q,1.88,unknown
188,T,G,2.96,unknown
188,T,H,1.17,unknown
188,T,I,0.77,unknown
188,T,L,-0.77,unknown
188,T,K,0.61,infectious
188,T,M,-1.97,unknown
188,T,F,-0.91,unknown
188,T,P,11.00,unknown
188,T,S,-0.65,unknown
188,T,W,4.27,unknown
188,T,Y,-2.12,unknown
188,T,V,-1.10,unknown
189,V,A,1.86,unknown
189,V,R,1.95,unknown
189,V,N,2.36,unknown
189,V,D,1.70,unknown
189,V,E,3.12,unknown
189,V,Q,3.80,unknown
189,V,G,4.57,unknown
189,V,H,2.61,unknown
189,V,I,2.59,infectious
189,V,L,1.55,unknown
189,V,K,4.20,unknown
189,V,M,0.15,unknown
189,V,F,3.44,unknown
189,V,P,6.96,unknown
189,V,S,1.24,unknown
189,V,T,1.94,unknown
189,V,W,8.45,unknown
189,V,Y,-0.26,unknown
190,T,A,-2.46,unknown
190,T,R,-1.16,unknown
190,T,N,-1.57,unknown
190,T,D,-0.06,unknown
190,T,E,-1.82,unknown
190,T,Q,0.18,unknown
190,T,G,1.79,unknown
190,T,H,1.55,unknown
190,T,I,-0.70,unknown
190,T,L,-1.39,unknown
190,T,K,1.78,unknown
190,T,M,-3.24,unknown
190,T,F,1.36,unknown
190,T,P,3.77,unknown
190,T,S,-0.96,unknown
190,T,W,7.45,unknown
190,T,Y,-0.05,unknown
190,T,V,-2.26,unknown
191,T,A,0.03,unknown
191,T,R,0.52,unknown
191,T,N,0.92,unknown
191,T,D,0.09,unknown
191,T,E,0.74,unknown
191,T,Q,0.59,unknown
191,T,G,0.00,unknown
191,T,H,-0.04,unknown
191,T,I,5.98,unknown
191,T,L,-1.74,unknown
191,T,K,0.59,unknown
191,T,M,-2.53,unknown
191,T,F,1.65,unknown
191,T,P,5.53,unknown
191,T,S,1.01,unknown
191,T,W,3.76,unknown
191,T,Y,-1.88,unknown
191,T,V,6.82,unknown
192,T,A,-0.18,unknown
192,T,R,0.28,unknown
192,T,N,-0.32,unknown
192,T,D,-0.23,unknown
192,T,E,0.87,unknown
192,T,Q,-0.11,unknown
192,T,G,2.66,unknown
192,T,H,2.86,unknown
192,T,I,0.40,unknown
192,T,L,0.77,unknown
192,T,K,1.14,unknown
192,T,M,-2.86,unknown
192,T,F,2.25,unknown
192,T,P,4.83,unknown
192,T,S,1.42,unknown
192,T,W,6.80,unknown
192,T,Y,-0.09,unknown
192,T,V,0.13,unknown
193,T,A,-2.63,unknown
193,T,R,-8.85,unknown
193,T,N,-4.26,unknown
193,T,D,-3.96,unknown
193,T,E,-5.17,unknown
193,T,Q,-2.79,unknown
193,T,G,-0.02,unknown
193,T,H,-2.02,unknown
193,T,I,-5.79,infectious
193,T,L,-6.79,unknown
193,T,K,-2.88,unknown
193,T,M,-8.84,unknown
193,T,F,-0.79,unknown
193,T,P,2.36,unknown
193,T,S,-3.27,unknown
193,T,W,8.26,unknown
193,T,Y,3.58,unknown
193,T,V,-7.22,unknown
194,K,A,2.31,unknown
194,K,R,-0.15,unknown
194,K,N,1.24,unknown
194,K,D,1.18,unknown
194,K,E,0.55,infectious
194,K,Q,0.01,unknown
194,K,G,3.29,unknown
194,K,H,1.97,unknown
194,K,I,-0.16,unknown
194,K,L,0.80,unknown
194,K,M,-1.31,unknown
194,K,F,3.63,unknown
194,K,P,11.00,unknown
194,K,S,-0.25,unknown
194,K,T,-1.78,unknown
194,K,W,1.78,unknown
194,K,Y,-0.22,unknown
194,K,V,-0.26,unknown
195,G,A,-0.44,unknown
195,G,R,0.41,unknown
195,G,N,0.45,unknown
195,G,D,0.22,unknown
195,G,E,-0.26,unknown
195,G,Q,0.84,unknown
195,G,H,1.38,unknown
195,G,I,-1.12,unknown
195,G,L,-1.85,unknown
195,G,K,1.94,unknown
195,G,M,-0.88,unknown
195,G,F,1.31,unknown
195,G,P,4.06,unknown
195,G,S,0.87,unknown
195,G,T,0.53,unknown
195,G,W,5.56,unknown
195,G,Y,-2.35,unknown
195,G,V,-2.20,unknown
196,E,A,-0.97,infectious
196,E,R,-2.49,unknown
196,E,N,-2.59,unknown
196,E,D,-0.25,unknown
196,E,Q,-1.80,unknown
196,E,G,3.21,unknown
196,E,H,1.05,unknown
196,E,I,-2.31,unknown
196,E,L,-3.73,unknown
196,E,K,-0.79,infectious
196,E,M,-5.39,unknown
196,E,F,2.14,unknown
196,E,P,1.87,unknown
196,E,S,0.00,unknown
196,E,T,-0.74,unknown
196,E,W,3.05,unknown
196,E,Y,-0.38,unknown
196,E,V,-3.07,unknown
197,N,A,4.47,unknown
197,N,R,3.68,unknown
197,N,D,0.99,unknown
197,N,E,2.71,unknown
197,N,Q,3.83,unknown
197,N,G,7.25,unknown
197,N,H,1.50,unknown
197,N,I,7.14,unknown
197,N,L,2.38,unknown
197,N,K,5.34,unknown
197,N,M,-0.09,unknown
197,N,F,0.76,unknown
197,N,P,11.00,unknown
197,N,S,4.45,unknown
197,N,T,6.97,unknown
197,N,W,4.92,unknown
197,N,Y,-3.23,unknown
197,N,V,5.88,unknown
198,F,A,2.78,unknown
198,F,R,-1.33,unknown
198,F,N,1.70,unknown
198,F,D,5.47,unknown
198,F,E,1.82,unknown
198,F,Q,0.24,unknown
198,F,G,7.05,unknown
198,F,H,3.26,unknown
198,F,I,0.45,unknown
198,F,L,0.26,unknown
198,F,K,2.92,unknown
198,F,M,-1.29,unknown
198,F,F,5.88,unknown
198,F,P,11.00,unknown
198,F,S,4.73,infectious
198,F,T,1.55,unknown
198,F,W,7.23,unknown
198,F,Y,4.56,unknown
198,F,V,-1.15,infectious
199,T,A,1.52,unknown
199,T,R,0.33,unknown
199,T,N,1.62,unknown
199,T,D,3.29,unknown
199,T,E,0.59,unknown
199,T,Q,1.98,unknown
199,T,G,4.21,unknown
199,T,H,0.09,unknown
199,T,I,0.37,unknown
199,T,L,-0.21,unknown
199,T,K,1.78,unknown
199,T,M,-1.09,unknown
199,T,F,2.96,unknown
199,T,P,11.00,unknown
199,T,S,1.77,unknown
199,T,W,4.35,unknown
199,T,Y,1.75,unknown
199,T,V,0.89,unknown
200,E,A,1.58,unknown
200,E,R,-3.62,unknown
200,E,N,0.30,unknown
200,E,D,4.11,unknown
200,E,Q,-3.78,unknown
200,E,G,0.95,infectious
200,E,H,0.74,unknown
200,E,I,4.43,unknown
200,E,L,-3.90,unknown
200,E,K,2.49,infectious
200,E,M,-4.16,unknown
200,E,F,1.81,unknown
200,E,P,11.00,unknown
200,E,S,0.65,unknown
200,E,T,5.11,unknown
200,E,W,5.72,unknown
200,E,Y,-3.22,unknown
200,E,V,5.02,unknown
201,T,A,-4.61,unknown
201,T,R,2.43,unknown
201,T,N,-2.95,unknown
201,T,D,-1.62,unknown
201,T,E,0.99,unknown
201,T,Q,-0.20,unknown
201,T,G,-2.04,unknown
201,T,H,-3.04,unknown
201,T,I,-5.13,unknown
201,T,L,-1.69,unknown
201,T,K,2.33,unknown
201,T,M,-3.41,unknown
201,T,F,-0.71,unknown
201,T,P,7.67,unknown
201,T,S,-3.85,unknown
201,T,W,7.84,unknown
201,T,Y,-4.61,unknown
201,T,V,-8.07,unknown
202,D,A,2.18,unknown
202,D,R,-0.40,unknown
202,D,N,1.98,infectious
202,D,E,0.07,unknown
202,D,Q,-0.97,unknown
202,D,G,4.89,infectious
202,D,H,1.60,unknown
202,D,I,-1.44,unknown
202,D,L,0.15,unknown
202,D,K,1.06,unknown
202,D,M,-3.66,unknown
202,D,F,-1.26,unknown
202,D,P,11.00,unknown
202,D,S,3.81,unknown
202,D,T,2.37,unknown
202,D,W,3.61,unknown
202,D,Y,-2.51,unknown
202,D,V,-1.72,unknown
203,V,A,0.32,unknown
203,V,R,0.85,unknown
203,V,N,0.11,unknown
203,V,D,2.60,unknown
203,V,E,0.79,unknown
203,V,Q,2.01,unknown
203,V,G,4.31,infectious
203,V,H,-1.11,unknown
203,V,I,7.21,infectious
203,V,L,2.31,unknown
203,V,K,1.34,unknown
203,V,M,-3.05,unknown
203,V,F,0.38,unknown
203,V,P,11.00,unknown
203,V,S,2.34,unknown
203,V,T,2.52,unknown
203,V,W,6.59,unknown
203,V,Y,-1.19,unknown
204,K,A,-3.23,unknown
204,K,R,11.00,unknown
204,K,N,-0.44,unknown
204,K,D,1.37,unknown
204,K,E,3.95,unknown
204,K,Q,1.48,unknown
204,K,G,0.92,unknown
204,K,H,4.33,unknown
204,K,I,-3.18,unknown
204,K,L,1.61,unknown
204,K,M,-5.51,unknown
204,K,F,11.00,unknown
204,K,P,-0.35,unknown
204,K,S,-3.55,unknown
204,K,T,-2.48,unknown
204,K,W,11.00,unknown
204,K,Y,11.00,unknown
204,K,V,-3.73,unknown
205,M,A,3.43,unknown
205,M,R,11.00,unknown
205,M,N,6.10,unknown
205,M,D,7.70,unknown
205,M,E,11.00,unknown
205,M,Q,11.00,unknown
205,M,G,7.07,unknown
205,M,H,11.00,unknown
205,M,I,6.17,unknown
205,M,L,9.21,unknown
205,M,K,11.00,unknown
205,M,F,11.00,unknown
205,M,P,11.00,unknown
205,M,S,6.72,unknown
205,M,T,5.46,unknown
205,M,W,11.00,unknown
205,M,Y,11.00,unknown
205,M,V,1.47,unknown
206,M,A,4.55,unknown
206,M,R,2.58,unknown
206,M,N,6.02,unknown
206,M,D,6.96,unknown
206,M,E,4.16,unknown
206,M,Q,5.50,unknown
206,M,G,7.07,unknown
206,M,H,6.66,unknown
206,M,I,2.48,unknown
206,M,L,5.31,unknown
206,M,K,6.03,unknown
206,M,F,5.03,unknown
206,M,P,11.00,unknown
206,M,S,4.47,unknown
206,M,T,1.98,unknown
206,M,W,11.00,unknown
206,M,Y,5.37,unknown
206,M,V,1.60,unknown
207,E,A,-1.90,unknown
207,E,R,0.72,unknown
207,E,N,2.85,unknown
207,E,D,2.82,unknown
207,E,Q,-0.43,unknown
207,E,G,0.84,unknown
207,E,H,2.70,unknown
207,E,I,2.55,unknown
207,E,L,1.37,unknown
207,E,K,1.02,unknown
207,E,M,-2.95,unknown
207,E,F,1.40,unknown
207,E,P,11.00,unknown
207,E,S,0.63,unknown
207,E,T,-0.62,unknown
207,E,W,8.02,unknown
207,E,Y,0.30,unknown
207,E,V,0.93,unknown
208,R,A,3.39,unknown
208,R,N,2.13,unknown
208,R,D,4.25,unknown
208,R,E,2.92,unknown
208,R,Q,0.88,unknown
208,R,G,4.85,unknown
208,R,H,1.97,infectious
208,R,I,1.36,unknown
208,R,L,-3.47,unknown
208,R,K,8.74,unknown
208,R,M,-2.32,unknown
208,R,F,1.74,unknown
208,R,P,11.00,unknown
208,R,S,4.19,unknown
208,R,T,4.10,unknown
208,R,W,11.00,unknown
208,R,Y,6.61,unknown
208,R,V,3.77,unknown
209,V,A,-12.45,unknown
209,V,R,11.00,unknown
209,V,N,4.77,unknown
209,V,D,6.31,unknown
209,V,E,11.00,unknown
209,V,Q,11.00,unknown
209,V,G,-9.03,unknown
209,V,H,11.00,unknown
209,V,I,7.13,unknown
209,V,L,11.00,unknown
209,V,K,11.00,unknown
209,V,M,-0.66,unknown
209,V,F,11.00,unknown
209,V,P,8.96,unknown
209,V,S,-11.10,unknown
209,V,T,-6.67,unknown
209,V,W,11.00,unknown
209,V,Y,11.00,unknown
210,V,A,2.55,unknown
210,V,R,1.17,unknown
210,V,N,2.42,unknown
210,V,D,2.51,unknown
210,V,E,1.57,unknown
210,V,Q,0.71,unknown
210,V,G,5.04,unknown
210,V,H,1.19,unknown
210,V,I,-0.14,infectious
210,V,L,-0.46,unknown
210,V,K,4.71,unknown
210,V,M,-0.70,unknown
210,V,F,0.91,unknown
210,V,P,11.00,unknown
210,V,S,1.57,unknown
210,V,T,1.18,unknown
210,V,W,5.04,unknown
210,V,Y,-1.06,unknown
211,E,A,1.59,unknown
211,E,R,-1.40,unknown
211,E,N,-2.12,unknown
211,E,D,-1.83,infectious
211,E,Q,-0.32,infectious
211,E,G,4.48,unknown
211,E,H,-0.41,unknown
211,E,I,-2.31,unknown
211,E,L,-3.91,unknown
211,E,K,0.54,unknown
211,E,M,-4.18,unknown
211,E,F,-1.34,unknown
211,E,P,11.00,unknown
211,E,S,1.69,unknown
211,E,T,-0.74,unknown
211,E,W,1.59,unknown
211,E,Y,-2.85,unknown
211,E,V,-2.73,unknown
212,Q,A,0.11,unknown
212,Q,R,8.37,unknown
212,Q,N,3.54,unknown
212,Q,D,7.43,unknown
212,Q,E,2.86,unknown
212,Q,G,5.59,unknown
212,Q,H,3.18,infectious
212,Q,I,4.46,unknown
212,Q,L,5.92,unknown
212,Q,K,11.00,unknown
212,Q,M,-0.22,unknown
212,Q,F,9.54,unknown
212,Q,P,11.00,infectious
212,Q,S,4.29,unknown
212,Q,T,2.13,unknown
212,Q,W,11.00,unknown
212,Q,Y,10.00,unknown
212,Q,V,1.62,unknown
213,M,A,6.14,unknown
213,M,R,5.98,unknown
213,M,N,5.46,unknown
213,M,D,8.14,unknown
213,M,E,3.59,unknown
213,M,Q,5.85,unknown
213,M,G,9.80,unknown
213,M,H,4.15,unknown
213,M,I,9.73,unknown
213,M,L,5.91,unknown
213,M,K,5.83,unknown
213,M,F,3.27,unknown
213,M,P,11.00,unknown
213,M,S,9.09,unknown
213,M,T,6.78,unknown
213,M,W,4.19,unknown
213,M,Y,0.78,unknown
213,M,V,8.43,unknown
215,I,A,4.70,unknown
215,I,R,0.99,unknown
215,I,N,6.34,unknown
215,I,D,5.37,unknown
215,I,E,5.78,unknown
215,I,Q,4.49,unknown
215,I,G,7.16,unknown
215,I,H,4.38,unknown
215,I,L,2.19,unknown
215,I,K,6.10,unknown
215,I,M,1.28,unknown
215,I,F,3.37,unknown
215,I,P,11.00,unknown
215,I,S,4.54,unknown
215,I,T,4.23,unknown
215,I,W,8.69,unknown
215,I,Y,1.85,unknown
215,I,V,3.06,infectious
216,T,A,1.93,unknown
216,T,R,0.83,unknown
216,T,N,1.23,unknown
216,T,D,2.52,unknown
216,T,E,0.74,unknown
216,T,Q,0.85,unknown
216,T,G,5.71,unknown
216,T,H,2.97,unknown
216,T,I,0.92,unknown
216,T,L,0.17,unknown
216,T,K,3.56,unknown
216,T,M,-1.80,unknown
216,T,F,2.99,unknown
216,T,P,11.00,unknown
216,T,S,4.77,unknown
216,T,W,9.38,unknown
216,T,Y,1.44,unknown
216,T,V,-0.06,unknown
217,Q,A,0.31,unknown
217,Q,R,-2.21,infectious
217,Q,N,-1.18,unknown
217,Q,D,1.45,unknown
217,Q,E,-0.79,unknown
217,Q,G,3.64,unknown
217,Q,H,-2.46,unknown
217,Q,I,6.81,unknown
217,Q,L,-3.49,unknown
217,Q,K,-1.10,unknown
217,Q,M,-4.15,unknown
217,Q,F,-3.58,unknown
217,Q,P,11.00,unknown
217,Q,S,0.60,unknown
217,Q,T,-0.24,unknown
217,Q,W,1.43,unknown
217,Q,Y,-7.02,unknown
217,Q,V,4.71,unknown
218,Y,A,2.80,unknown
218,Y,R,0.19,unknown
218,Y,N,3.63,infectious
218,Y,D,3.25,unknown
218,Y,E,1.82,unknown
218,Y,Q,2.94,unknown
218,Y,G,4.47,unknown
218,Y,H,3.81,unknown
218,Y,I,1.69,unknown
218,Y,L,0.23,unknown
218,Y,K,3.47,unknown
218,Y,M,-0.62,unknown
218,Y,F,3.35,unknown
218,Y,P,11.00,unknown
218,Y,S,2.73,unknown
218,Y,T,1.97,unknown
218,Y,W,8.49,unknown
218,Y,V,0.70,unknown
219,E,A,-1.13,unknown
219,E,R,-0.60,unknown
219,E,N,-0.42,unknown
219,E,D,0.18,unknown
219,E,Q,0.39,unknown
219,E,G,1.13,unknown
219,E,H,-0.56,unknown
219,E,I,-0.01,unknown
219,E,L,-3.20,unknown
219,E,K,-0.55,infectious
219,E,M,-3.30,unknown
219,E,F,0.10,unknown
219,E,P,11.00,unknown
219,E,S,-0.52,unknown
219,E,T,0.15,unknown
219,E,W,3.46,unknown
219,E,Y,-2.60,unknown
219,E,V,0.43,unknown
220,R,A,-1.79,unknown
220,R,N,-1.85,unknown
220,R,D,-0.01,unknown
220,R,E,-2.13,unknown
220,R,Q,-2.42,unknown
220,R,G,0.26,unknown
220,R,H,0.65,unknown
220,R,I,-1.37,unknown
220,R,L,-2.36,unknown
220,R,K,0.13,unknown
220,R,M,-4.55,unknown
220,R,F,0.09,unknown
220,R,P,11.00,unknown
220,R,S,-0.44,unknown
220,R,T,1.24,unknown
220,R,W,4.09,unknown
220,R,Y,-1.54,unknown
220,R,V,-1.49,unknown
221,E,A,-0.28,unknown
221,E,R,-1.63,unknown
221,E,N,-1.23,unknown
221,E,D,-0.51,unknown
221,E,Q,0.84,unknown
221,E,G,1.87,unknown
221,E,H,-0.44,unknown
221,E,I,-0.19,unknown
221,E,L,-1.49,unknown
221,E,K,0.99,unknown
221,E,M,-4.14,unknown
221,E,F,-0.35,unknown
221,E,P,2.88,unknown
221,E,S,1.31,unknown
221,E,T,-2.22,unknown
221,E,W,3.60,unknown
221,E,Y,-3.37,unknown
221,E,V,-0.47,unknown
222,S,A,-0.87,unknown
222,S,R,-0.45,unknown
222,S,N,-1.52,unknown
222,S,D,2.16,unknown
222,S,E,0.86,unknown
222,S,Q,-0.60,unknown
222,S,G,1.32,unknown
222,S,H,0.37,unknown
222,S,I,-1.31,unknown
222,S,L,0.76,unknown
222,S,K,1.40,unknown
222,S,M,-2.08,unknown
222,S,F,1.82,unknown
222,S,P,4.07,unknown
222,S,T,-0.33,unknown
222,S,W,4.94,unknown
222,S,Y,-1.30,unknown
222,S,V,-0.07,unknown
223,Q,A,-1.79,unknown
223,Q,R,-1.40,unknown
223,Q,N,-3.31,unknown
223,Q,D,-3.56,unknown
223,Q,E,-0.78,unknown
223,Q,G,0.06,unknown
223,Q,H,0.88,unknown
223,Q,I,-2.26,unknown
223,Q,L,-2.37,unknown
223,Q,K,0.17,unknown
223,Q,M,-2.93,unknown
223,Q,F,1.72,unknown
223,Q,P,11.00,unknown
223,Q,S,-0.65,unknown
223,Q,T,-0.40,unknown
223,Q,W,5.96,unknown
223,Q,Y,-0.14,unknown
223,Q,V,-1.80,unknown
224,A,R,-0.71,unknown
224,A,N,0.07,unknown
224,A,D,1.06,unknown
224,A,E,1.13,unknown
224,A,Q,0.69,unknown
224,A,G,1.39,unknown
224,A,H,-0.28,unknown
224,A,I,-1.70,unknown
224,A,L,-1.37,unknown
224,A,K,2.17,unknown
224,A,M,-3.03,unknown
224,A,F,-0.41,unknown
224,A,P,1.82,unknown
224,A,S,1.30,unknown
224,A,T,0.38,unknown
224,A,W,2.68,unknown
224,A,Y,-2.25,unknown
224,A,V,-1.56,infectious
225,Y,A,2.25,unknown
225,Y,R,1.54,unknown
225,Y,N,2.31,unknown
225,Y,D,3.30,unknown
225,Y,E,3.37,unknown
225,Y,Q,2.94,unknown
225,Y,G,3.63,unknown
225,Y,H,1.96,unknown
225,Y,I,0.54,unknown
225,Y,L,0.88,unknown
225,Y,K,4.41,unknown
225,Y,M,-0.78,unknown
225,Y,F,1.84,unknown
225,Y,P,4.07,unknown
225,Y,S,3.54,unknown
225,Y,T,2.63,unknown
225,Y,W,4.93,unknown
225,Y,V,0.69,unknown
226,Y,A,2.25,unknown
226,Y,R,1.54,unknown
226,Y,N,2.31,unknown
226,Y,D,3.30,unknown
226,Y,E,3.37,unknown
226,Y,Q,2.94,unknown
226,Y,G,3.63,unknown
226,Y,H,1.96,unknown
226,Y,I,0.54,unknown
226,Y,L,0.88,unknown
226,Y,K,4.41,unknown
226,Y,M,-0.78,unknown
226,Y,F,1.84,unknown
226,Y,P,4.07,unknown
226,Y,S,3.54,unknown
226,Y,T,2.63,unknown
226,Y,W,4.93,unknown
226,Y,V,0.69,unknown
227,Q,A,-0.69,unknown
227,Q,R,-1.40,unknown
227,Q,N,-0.63,unknown
227,Q,D,0.36,unknown
227,Q,E,0.43,unknown
227,Q,G,0.69,unknown
227,Q,H,-0.98,unknown
227,Q,I,-2.40,unknown
227,Q,L,-2.06,unknown
227,Q,K,1.47,unknown
227,Q,M,-3.72,unknown
227,Q,F,-1.10,unknown
227,Q,P,1.13,unknown
227,Q,S,0.60,unknown
227,Q,T,-0.31,unknown
227,Q,W,1.99,unknown
227,Q,Y,-2.94,unknown
227,Q,V,-2.25,unknown
228,R,A,0.71,unknown
228,R,N,0.77,unknown
228,R,D,1.76,unknown
228,R,E,1.83,unknown
228,R,Q,1.40,unknown
228,R,G,2.10,unknown
228,R,H,0.42,unknown
228,R,I,-0.99,unknown
228,R,L,-0.66,unknown
228,R,K,2.88,unknown
228,R,M,-2.32,unknown
228,R,F,0.30,unknown
228,R,P,2.53,unknown
228,R,S,2.00,unknown
228,R,T,1.09,unknown
228,R,W,3.39,unknown
228,R,Y,-1.54,unknown
228,R,V,-0.85,unknown
